{"_default": {"1": {"markerId": "3", "relation": "referencePosesRelativeToPivot", "x": 0, "y": 0, "z": 0, "roll": 0, "pitch": 0, "yaw": 0}, "2": {"markerId": "3", "relation": "pivotPosesRelativeToReference", "x": 0, "y": 0, "z": 0, "roll": 0, "pitch": 0, "yaw": 0}, "3": {"markerId": "7", "relation": "referencePosesRelativeToPivot", "x": 20.58583942443008, "y": 1.031312867322691, "z": 1.1341569004493346, "roll": -0.022572861303035374, "pitch": 0.059734024807550135, "yaw": -0.003111413002488479}, "4": {"markerId": "7", "relation": "pivotPosesRelativeToReference", "x": -20.61539833357198, "y": -1.0413259337246912, "z": 0.07252623079316821, "roll": 0.02235340179328249, "pitch": -0.059996310658571, "yaw": 0.0032004162971836676}}}