{"_default": {"1": {"markerId": "3", "relation": "referencePoseRelativeToPivot", "x": 0, "y": 0, "z": 0, "roll": 0, "pitch": 0, "yaw": 0}, "2": {"markerId": "3", "relation": "pivotPoseRelativeToReference", "x": 0, "y": 0, "z": 0, "roll": 0, "pitch": 0, "yaw": 0}, "3": {"markerId": "7", "relation": "referencePoseRelativeToPivot", "x": 22.698543602955816, "y": -11.019003336269648, "z": -4.083623237923156, "roll": 0.1372095104868296, "pitch": -0.558786216261943, "yaw": -0.4827886406409317}, "4": {"markerId": "7", "relation": "pivotPoseRelativeToReference", "x": -19.21885791521027, "y": 1.5314680592452403, "z": 16.781191882216987, "roll": 0.1372095104868296, "pitch": -0.558786216261943, "yaw": -0.4827886406409317}}}