{"_default": {"1": {"markerId": "3", "relation": "referencePoseRelativeToPivot", "x": 0, "y": 0, "z": 0, "roll": 0, "pitch": 0, "yaw": 0}, "2": {"markerId": "3", "relation": "pivotPoseRelativeToReference", "x": 0, "y": 0, "z": 0, "roll": 0, "pitch": 0, "yaw": 0}, "3": {"markerId": "7", "relation": "referencePoseRelativeToPivot", "x": -26.003818105290687, "y": 2.9396060700154534, "z": 15.735840848168706, "roll": -0.06915591339053817, "pitch": 0.8892861733487649, "yaw": 0.13477042361068847}, "4": {"markerId": "7", "relation": "pivotPoseRelativeToReference", "x": 28.204975426106266, "y": -7.068232369122588, "z": 9.326091329578498, "roll": -0.06915591339053817, "pitch": 0.8892861733487649, "yaw": 0.13477042361068847}}}