{"_default": {"1": {"markerId": "3", "relation": "referencePoseRelativeToPivot", "x": 0, "y": 0, "z": 0, "roll": 0, "pitch": 0, "yaw": 0}, "2": {"markerId": "3", "relation": "pivotPoseRelativeToReference", "x": 0, "y": 0, "z": 0, "roll": 0, "pitch": 0, "yaw": 0}, "3": {"markerId": "7", "relation": "referencePoseRelativeToPivot", "x": 15.802449005675074, "y": 1.4189020582903278, "z": 9.921200381640185, "roll": 0.05047917086952536, "pitch": -0.8513760904806619, "yaw": -0.051739985137406776}, "4": {"markerId": "7", "relation": "pivotPoseRelativeToReference", "x": -17.813320586391974, "y": -1.9651078895431886, "z": 5.383758474292661, "roll": 0.05047917086952536, "pitch": -0.8513760904806619, "yaw": -0.051739985137406776}}}