{"_default": {"1": {"markerId": "3", "relation": "referencePoseRelativeToPivot", "x": 0, "y": 0, "z": 0, "roll": 0, "pitch": 0, "yaw": 0}, "2": {"markerId": "3", "relation": "pivotPoseRelativeToReference", "x": 0, "y": 0, "z": 0, "roll": 0, "pitch": 0, "yaw": 0}, "3": {"markerId": "5", "relation": "referencePoseRelativeToPivot", "x": -18.311270085875716, "y": -8.199192908266149, "z": 7.223571021465867, "roll": 4.711381453291146, "pitch": 0.012168348574918442, "yaw": 0.027977031521457987}, "4": {"markerId": "5", "relation": "pivotPoseRelativeToReference", "x": 18.619988127072958, "y": 6.989775014532085, "z": 7.690802441936422, "roll": 4.711381453291146, "pitch": 0.012168348574918442, "yaw": 0.027977031521457987}, "5": {"markerId": "0", "relation": "referencePoseRelativeToPivot", "x": 11.894596435891586, "y": -10.403309013342314, "z": 56.449881131155955, "roll": 0.052154154721657076, "pitch": -1.6177546702584618, "yaw": 0.10409002204651045}, "6": {"markerId": "0", "relation": "pivotPoseRelativeToReference", "x": -55.883070738653295, "y": 12.265010901239462, "z": 12.765236187889313, "roll": 0.052154154721657076, "pitch": -1.6177546702584618, "yaw": 0.10409002204651045}, "7": {"markerId": "7", "relation": "referencePoseRelativeToPivot", "x": 30.79030261215926, "y": -10.379007717002118, "z": 52.04109989795052, "roll": 0.19911231625631975, "pitch": -1.5751104967695637, "yaw": -0.3190040788542611}, "8": {"markerId": "7", "relation": "pivotPoseRelativeToReference", "x": -51.900440231200925, "y": 6.666185332934607, "z": 32.03043695675883, "roll": 0.19911231625631975, "pitch": -1.5751104967695637, "yaw": -0.3190040788542611}, "9": {"markerId": "1", "relation": "referencePoseRelativeToPivot", "x": -35.31483703155416, "y": 2.277786103874627, "z": 30.332275095415795, "roll": 0.05446159695486319, "pitch": 0.8074476982065332, "yaw": 0.2297584060800133}, "10": {"markerId": "1", "relation": "pivotPoseRelativeToReference", "x": 45.33033807642718, "y": -10.054851138861235, "z": 4.053807471547394, "roll": 0.05446159695486319, "pitch": 0.8074476982065332, "yaw": 0.2297584060800133}}}