{"_default": {"1": {"markerId": "3", "x": 0.0, "y": 0.0, "z": 0.0, "roll": 0.0, "pitch": 0.0, "yaw": 0.0}, "2": {"markerId": "5", "x": 2.534091678806483, "y": -4.116520235865366, "z": 56.3468258884308, "roll": 4.677117604231205, "pitch": -0.011175976283327171, "yaw": -0.002023099103454662}, "3": {"markerId": "7", "x": -38.946598387758726, "y": 0.8296801855976241, "z": 86.75611490571418, "roll": 0.07300631683020065, "pitch": -1.3271696563684925, "yaw": -0.8955624955967064}}}