{"_default": {"1": {"markerId": "3", "relation": "referencePoseRelativeToPivot", "x": 0, "y": 0, "z": 0, "roll": 0, "pitch": 0, "yaw": 0}, "2": {"markerId": "3", "relation": "pivotPoseRelativeToReference", "x": 0, "y": 0, "z": 0, "roll": 0, "pitch": 0, "yaw": 0}, "3": {"markerId": "7", "relation": "referencePoseRelativeToPivot", "x": 8.077140571028533, "y": 1.2196091704966388, "z": 13.009421888089811, "roll": -0.09238114555016042, "pitch": 1.4955775204057877, "yaw": 0.13349661250377293}, "4": {"markerId": "7", "relation": "pivotPoseRelativeToReference", "x": -13.556853737805014, "y": -1.2056752123370185, "z": 7.112609646630929, "roll": 0.09183624637892063, "pitch": -1.4976227163334281, "yaw": -0.1331330192742292}}}