{"_default": {"1": {"markerId": "3", "relation": "referencePoseRelativeToPivot", "x": 0, "y": 0, "z": 0, "roll": 0, "pitch": 0, "yaw": 0}, "2": {"markerId": "3", "relation": "pivotPoseRelativeToReference", "x": 0, "y": 0, "z": 0, "roll": 0, "pitch": 0, "yaw": 0}, "3": {"markerId": "7", "relation": "referencePoseRelativeToPivot", "x": -25.42829612319056, "y": 1.702903445237517, "z": 16.056351654036725, "roll": -0.10653818533239034, "pitch": 0.9124307802189793, "yaw": 0.11951924265403391}, "4": {"markerId": "7", "relation": "pivotPoseRelativeToReference", "x": 28.02291376650907, "y": -5.757780255200209, "z": 9.427026194838994, "roll": -0.10653818533239034, "pitch": 0.9124307802189793, "yaw": 0.11951924265403391}}}