id,roll,pitch,yaw,x,y,z
0,-2.322566942122178,-1.207075748014805,-1.225071830566749,-1.3408419110740468,-12.488109533496687,44.491359679066754
