id,roll,pitch,yaw,x,y,z
0,46.03829148101242,19.38130531198395,29.010988641752423,-7.7298710904131305,-8.465069851250771,28.80433593189676
