id,roll,pitch,yaw,x,y,z
0,-1.4042394753791787,17.88403483307742,-41.59209483051702,-8.795374962527388,-14.032752232938217,57.320652321800004
