id,roll,pitch,yaw,x,y,z
0,5.745766788039834,-0.3970912408703316,4.905530800907586,6.541333837497065,4.777646163875072,41.13649201542578
